Fecha,FeriadoNacional,FeriadoCusco,FeriadoLima,FeriadoPuno,FeriadoLambayeque,FeriadoArequipa,FeriadoUcayali
2023-01-01,1,0,0,0,0,0,0
2023-04-06,1,0,0,0,0,0,0
2023-04-07,1,0,0,0,0,0,0
2023-05-01,1,0,0,0,0,0,0
2023-06-04,0,1,0,0,0,0,0
2023-06-24,0,1,0,0,0,0,0
2023-06-29,1,0,0,0,0,0,0
2023-07-28,1,0,0,0,0,0,0
2023-07-29,1,0,0,0,0,0,0
2023-08-15,0,0,0,0,0,1,0
2023-08-30,1,0,0,0,0,0,0
2023-10-08,1,0,0,0,0,0,0
2023-11-01,1,0,0,0,0,0,0
2023-12-08,1,0,0,0,0,0,0
2023-12-25,1,0,0,0,0,0,0
2024-01-01,1,0,0,0,0,0,0
2024-03-28,1,0,0,0,0,0,0
2024-03-29,1,0,0,0,0,0,0
2024-05-01,1,0,0,0,0,0,0
2024-06-04,0,1,0,0,0,0,0
2024-06-24,0,1,0,0,0,0,0
2024-06-29,1,0,0,0,0,0,0
2024-07-28,1,0,0,0,0,0,0
2024-07-29,1,0,0,0,0,0,0
2024-08-15,0,0,0,0,0,1,0
2024-08-30,1,0,0,0,0,0,0
2024-10-08,1,0,0,0,0,0,0
2024-11-01,1,0,0,0,0,0,0
2024-12-08,1,0,0,0,0,0,0
2024-12-25,1,0,0,0,0,0,0
2025-01-01,1,0,0,0,0,0,0
2025-04-17,1,0,0,0,0,0,0
2025-04-18,1,0,0,0,0,0,0
2025-05-01,1,0,0,0,0,0,0
2025-06-19,0,1,0,0,0,0,0
2025-06-24,0,1,0,0,0,0,0
2025-06-29,1,0,0,0,0,0,0
2025-07-28,1,0,0,0,0,0,0
2025-07-29,1,0,0,0,0,0,0
2025-08-15,0,0,0,0,0,1,0
2025-08-30,1,0,0,0,0,0,0
2025-10-08,1,0,0,0,0,0,0
2025-11-01,1,0,0,0,0,0,0
2025-12-08,1,0,0,0,0,0,0
2025-12-25,1,0,0,0,0,0,0
2026-01-01,1,0,0,0,0,0,0
2026-04-02,1,0,0,0,0,0,0
2026-04-03,1,0,0,0,0,0,0
2026-05-01,1,0,0,0,0,0,0
2026-06-04,0,1,0,0,0,0,0
2026-06-24,0,1,0,0,0,0,0
2026-06-29,1,0,0,0,0,0,0
2026-07-28,1,0,0,0,0,0,0
2026-07-29,1,0,0,0,0,0,0
2026-08-15,0,0,0,0,0,1,0
2026-08-30,1,0,0,0,0,0,0
2026-10-08,1,0,0,0,0,0,0
2026-11-01,1,0,0,0,0,0,0
2026-12-08,1,0,0,0,0,0,0
2026-12-25,1,0,0,0,0,0,0
